{
    "metadata":{
        "type":"Geometry",
        "materials":1,
        "normals":78,
        "vertices":48,
        "uvs":0,
        "generator":"io_three",
        "version":3,
        "faces":92
    },
    "materials":[{
        "DbgColor":15658734,
        "colorEmissive":[0,0,0],
        "DbgIndex":0,
        "depthWrite":true,
        "blending":"NormalBlending",
        "colorDiffuse":[0.64,0.64,0.64],
        "wireframe":false,
        "opacity":1,
        "specularCoef":50,
        "shading":"phong",
        "visible":true,
        "colorSpecular":[0.5,0.5,0.5],
        "depthTest":true,
        "DbgName":"Material",
        "transparent":false
    }],
    "vertices":[3.59812,0.286267,-4.27929,3.59812,0.286267,4.65074,-2.92992,0.286267,4.65074,-2.92992,0.286267,-4.2793,3.59812,2.28627,-4.27929,3.59812,2.28627,4.65075,-2.92992,2.28627,4.65074,-2.92992,2.28627,-4.27929,2.29251,2.28627,-4.27929,0.986903,4.63063,-4.27929,-0.318706,4.63063,-4.27929,-1.62431,2.28627,-4.27929,2.29251,2.28627,4.65075,0.9869,4.63063,4.65075,-0.318708,4.63063,4.65074,-1.62432,2.28627,4.65074,2.29251,0.286267,4.65074,0.986902,0.286267,4.65074,-0.318707,0.286267,4.65074,-1.62432,0.286267,4.65074,3.59812,0.686267,4.65074,3.59812,1.08627,4.65075,3.59812,1.48627,4.65075,3.59812,1.88627,4.65075,-2.92992,0.686267,4.65074,-2.92992,1.08627,4.65074,-2.92992,1.48627,4.65074,-2.92992,1.88627,4.65074,-1.88544,2.28627,4.65074,-2.14656,2.28627,4.65074,-2.40768,2.28627,4.65074,-2.6688,2.28627,4.65074,3.33699,2.28627,4.65075,3.07587,2.28627,4.65075,2.81475,2.28627,4.65075,2.55363,2.28627,4.65075,2.03139,2.75514,4.65075,1.77026,3.22401,4.65075,1.50914,3.69289,4.65075,1.24802,4.16176,4.65075,0.725778,4.63063,4.65075,0.464657,4.63063,4.65075,0.203535,4.63063,4.65074,-0.057587,4.63063,4.65074,-0.57983,4.16176,4.65074,-0.840952,3.69289,4.65074,-1.10207,3.22401,4.65074,-1.36319,2.75514,4.65074],
    "uvs":[],
    "faces":[34,3,0,1,0,0,0,0,34,16,17,18,0,1,1,1,34,3,1,16,0,2,2,2,34,19,2,3,0,3,3,3,34,3,16,18,0,4,4,4,34,18,19,3,0,4,4,4,34,15,11,7,0,5,5,5,34,7,6,31,0,6,6,6,34,30,29,28,0,7,7,7,34,7,31,30,0,8,8,8,34,28,15,7,0,6,6,6,34,7,30,28,0,9,9,9,34,1,0,4,0,10,10,10,34,4,5,23,0,11,11,11,34,22,21,20,0,12,12,12,34,4,23,22,0,13,13,13,34,20,1,4,0,14,14,14,34,4,22,20,0,15,15,15,34,16,1,20,0,16,16,16,34,20,21,22,0,17,17,17,34,23,5,32,0,18,18,18,34,16,20,22,0,19,19,19,34,22,23,32,0,20,20,20,34,33,34,35,0,1,1,1,34,22,32,33,0,21,21,21,34,17,16,22,0,22,22,22,34,2,19,18,0,7,7,7,34,18,17,22,0,22,22,22,34,22,33,35,0,23,23,23,34,12,36,37,0,24,24,24,34,22,35,12,0,25,25,25,34,2,18,22,0,26,26,26,34,26,25,24,0,27,27,27,34,24,2,22,0,28,28,28,34,24,22,12,0,29,29,29,34,27,26,24,0,30,30,30,34,31,6,27,0,31,31,31,34,28,29,30,0,32,32,32,34,30,31,27,0,33,33,33,34,27,24,12,0,34,34,34,34,37,38,39,0,35,35,35,34,27,12,37,0,36,36,36,34,28,30,27,0,37,37,37,34,46,47,15,0,38,38,38,34,15,28,27,0,39,39,39,34,37,39,13,0,40,40,40,34,40,41,42,0,32,32,32,34,37,13,40,0,41,41,41,34,15,27,37,0,42,42,42,34,45,46,15,0,43,43,43,34,43,14,44,0,44,44,44,34,44,45,15,0,45,45,45,34,15,37,40,0,46,46,46,34,42,43,44,0,47,47,47,34,15,40,42,0,48,48,48,34,42,44,15,0,49,49,49,34,3,2,24,0,50,50,50,34,24,25,26,0,51,51,51,34,27,6,7,0,52,52,52,34,3,24,26,0,53,53,53,34,26,27,7,0,54,54,54,34,26,7,3,0,55,55,55,34,8,4,0,0,56,56,56,34,0,3,7,0,57,57,57,34,11,10,9,0,58,58,58,34,0,7,11,0,59,59,59,34,11,9,8,0,60,60,60,34,0,11,8,0,61,61,61,34,5,4,8,0,62,62,62,34,8,12,35,0,63,63,63,34,35,34,33,0,1,1,1,34,32,5,8,0,64,64,64,34,8,35,33,0,8,8,8,34,8,33,32,0,65,65,65,34,12,8,9,0,66,66,66,34,9,13,39,0,67,67,67,34,39,38,37,0,68,68,68,34,36,12,9,0,69,69,69,34,39,37,36,0,70,70,70,34,9,39,36,0,71,71,71,34,13,9,10,0,72,72,72,34,10,14,43,0,7,7,7,34,43,42,41,0,1,1,1,34,40,13,10,0,72,72,72,34,43,41,40,0,7,7,7,34,10,43,40,0,7,7,7,34,14,10,11,0,73,73,73,34,11,15,47,0,74,74,74,34,46,45,44,0,24,24,24,34,11,47,46,0,75,75,75,34,44,14,11,0,76,76,76,34,11,46,44,0,77,77,77],
    "name":"CubeGeometry.2",
    "normals":[-0,0,1,0,0,-0,-0,0,1,-0,0,1,0,0,1,0,-0,-1,0,-0,-1,0,0,-1,0,-0,-1,0,-0,-1,1,0,1e-06,1,0,-1e-06,-0,-1,-1e-06,1,0,-1e-06,1,0,-1e-06,1,0,-1e-06,-0,1,1e-06,0,1,1e-06,0,1,2e-06,-0,1,1e-06,2e-06,1,1e-06,-4e-06,1,3e-06,0,1,2e-06,0,1,1e-06,0,-1,-0,-2e-06,1,3e-06,-0,1,1e-06,0.894427,0.447214,-1e-06,-0,1,-0,-0,1,0,-0.894427,0.447214,-0,0,1,0,0,0,1,0,1,-0,-1e-06,1,-0,-0.782997,0.443582,0.436062,-1e-06,1,0,-1e-06,1,-1e-06,0.873283,-0.029102,0.486343,0,1,1e-06,0.860621,0.172079,-0.479292,-0,1,-0,-4e-06,1,-1.1e-05,0.873653,0,0.486549,0,1,1e-06,0.824767,0.32982,0.459324,-1e-06,1,0,-2e-06,1,-1e-06,-1e-06,1,-0,-2e-06,1,-1e-06,-1,-0,0,-0.894427,-0.447214,1e-06,-1,-0,1e-06,-1,-0,0,-1,-0,0,-1,-0,0,0,-1,-1e-06,0,-1,-1e-06,0,-1,-0,0,-1,-1e-06,0,-1,0,0,-1,-1e-06,0,-0,-1,0,-0,-1,0,-0,-1,0,-0,-1,0.873653,0,-0.486549,0.873653,0,-0.486549,0.782997,-0.443582,-0.436062,0.873653,0,-0.486549,0.872176,-0.05813,-0.485727,0.873653,0,-0.486549,0,-0,-1,-0.873653,-0,-0.486549,-0.873653,-0,-0.486549,-0.873653,-0,-0.486549,-0.873653,-0,-0.486549,-0.873653,-0,-0.486549]
}